raw_depth,inches
1.3640289306640625,0.0
1.4487602710723877,1.0
1.4605913162231445,2.0
1.5847200155258179,3.0
1.526513695716858,4.0
1.6133973598480225,5.0
1.6701898574829102,6.0
1.5602490901947021,7.0
1.7042346000671387,8.0
1.7506743669509888,9.0
1.8597294092178345,10.0
1.9777624607086182,11.0
2.122904062271118,12.0
2.233238935470581,13.0
2.3723154067993164,14.0
2.5067520141601562,15.0
2.3537538051605225,16.0
2.227562189102173,17.0
2.376142978668213,18.0
2.3686835765838623,19.0
2.3100295066833496,20.0
1.759598731994629,22.0
1.7004681825637817,24.0
2.3406882286071777,26.0
3.0469257831573486,28.0
3.3299803733825684,30.0
2.216888904571533,32.0
